{
 "total_steps": 41300.0,
 "best_accuracy": {
  "data/fever/fever_dev-2class.json": 0.9213921392139215,
  "data/fever/fever_dev-2class-mh.json": 0.9374649467190129,
  "data/fever/fever2-2class.json": 0.6670902160101652,
  "data/fever/fever2-2class-mh.json": 0.7004950495049505
 },
 "best_step": {
  "data/fever/fever_dev-2class.json": 2065,
  "data/fever/fever_dev-2class-mh.json": 30975,
  "data/fever/fever2-2class.json": 6195,
  "data/fever/fever2-2class-mh.json": 6195
 },
 "accuracy": {
  "data/fever/fever_dev-2class.json": [
   0.9213921392139215,
   0.8937143714371438,
   0.9168166816681669,
   0.9092409240924093,
   0.8993399339933994,
   0.904890489048905,
   0.9067656765676568,
   0.9071407140714072,
   0.9024902490249026,
   0.9038403840384039,
   0.9054905490549056,
   0.8980648064806481,
   0.9102160216021603,
   0.8936393639363938,
   0.9131413141314132,
   0.876912691269127,
   0.8995649564956496,
   0.892889288928893,
   0.8961896189618963,
   0.8997899789978998
  ],
  "data/fever/fever_dev-2class-mh.json": [
   0.9318564217610769,
   0.9172742568704431,
   0.932978126752664,
   0.9310151430173864,
   0.9178351093662367,
   0.9223219293325855,
   0.925967470555244,
   0.9268087492989344,
   0.9240044868199664,
   0.9282108805384184,
   0.9270891755468312,
   0.9209197980931015,
   0.9338194054963544,
   0.9197980931015143,
   0.9374649467190129,
   0.9080201906898486,
   0.927369601794728,
   0.9214806505888952,
   0.9234436343241728,
   0.927369601794728
  ],
  "data/fever/fever2-2class.json": [
   0.6302414231257942,
   0.6238881829733164,
   0.6670902160101652,
   0.6315120711562897,
   0.5832274459974587,
   0.6264294790343076,
   0.6340533672172809,
   0.6302414231257942,
   0.6289707750952986,
   0.6302414231257942,
   0.6302414231257942,
   0.5527318932655655,
   0.6226175349428209,
   0.590851334180432,
   0.6124523506988564,
   0.5400254129606099,
   0.5921219822109276,
   0.5641677255400255,
   0.5730622617534943,
   0.5781448538754765
  ],
  "data/fever/fever2-2class-mh.json": [
   0.6460396039603961,
   0.6460396039603961,
   0.7004950495049505,
   0.6633663366336634,
   0.6212871287128713,
   0.6608910891089109,
   0.6757425742574258,
   0.6732673267326733,
   0.655940594059406,
   0.6608910891089109,
   0.655940594059406,
   0.6014851485148515,
   0.6658415841584159,
   0.6584158415841584,
   0.6262376237623762,
   0.6039603960396039,
   0.6410891089108911,
   0.6237623762376238,
   0.6361386138613861,
   0.6386138613861386
  ]
 }
}