{
 "total_steps": 2960.0,
 "best_accuracy": {
  "data/politihop/original/politihop_valid_all.json": 0.6950354609929078,
  "data/politihop/original/politihop_test_all.json": 0.805,
  "data/politihop/original/politihop_valid_adv.json": 0.6950354609929078,
  "data/politihop/original/politihop_test_adv.json": 0.795,
  "data/politihop/original/politihop_valid_even.json": 0.6950354609929078,
  "data/politihop/original/politihop_test_even.json": 0.79,
  "data/politihop/original/Hard_PolitiHop_by_gpt-3.5.json": 0.785,
  "data/politihop/original/Hard_PolitiHop_by_gpt-4.0.json": 0.785
 },
 "best_step": {
  "data/politihop/original/politihop_valid_all.json": 148,
  "data/politihop/original/politihop_test_all.json": 888,
  "data/politihop/original/politihop_valid_adv.json": 148,
  "data/politihop/original/politihop_test_adv.json": 2812,
  "data/politihop/original/politihop_valid_even.json": 148,
  "data/politihop/original/politihop_test_even.json": 2812,
  "data/politihop/original/Hard_PolitiHop_by_gpt-3.5.json": 1480,
  "data/politihop/original/Hard_PolitiHop_by_gpt-4.0.json": 1480
 },
 "accuracy": {
  "data/politihop/original/politihop_valid_all.json": [
   0.6950354609929078,
   0.6879432624113475,
   0.6170212765957447,
   0.6028368794326241,
   0.6099290780141844,
   0.6028368794326241,
   0.6170212765957447,
   0.6099290780141844,
   0.6170212765957447,
   0.6028368794326241,
   0.6028368794326241,
   0.6170212765957447,
   0.6028368794326241,
   0.6382978723404256,
   0.624113475177305,
   0.6170212765957447,
   0.624113475177305,
   0.6312056737588653,
   0.6312056737588653,
   0.6312056737588653
  ],
  "data/politihop/original/politihop_test_all.json": [
   0.75,
   0.75,
   0.765,
   0.77,
   0.775,
   0.805,
   0.79,
   0.785,
   0.79,
   0.79,
   0.79,
   0.775,
   0.775,
   0.79,
   0.765,
   0.78,
   0.785,
   0.775,
   0.78,
   0.77
  ],
  "data/politihop/original/politihop_valid_adv.json": [
   0.6950354609929078,
   0.6879432624113475,
   0.6099290780141844,
   0.6028368794326241,
   0.6170212765957447,
   0.6099290780141844,
   0.5957446808510638,
   0.6028368794326241,
   0.5957446808510638,
   0.5957446808510638,
   0.5957446808510638,
   0.6099290780141844,
   0.5957446808510638,
   0.624113475177305,
   0.6170212765957447,
   0.6170212765957447,
   0.624113475177305,
   0.6170212765957447,
   0.6170212765957447,
   0.6170212765957447
  ],
  "data/politihop/original/politihop_test_adv.json": [
   0.75,
   0.75,
   0.76,
   0.77,
   0.78,
   0.775,
   0.78,
   0.775,
   0.78,
   0.785,
   0.775,
   0.775,
   0.77,
   0.77,
   0.775,
   0.78,
   0.785,
   0.785,
   0.795,
   0.79
  ],
  "data/politihop/original/politihop_valid_even.json": [
   0.6950354609929078,
   0.6879432624113475,
   0.6099290780141844,
   0.6028368794326241,
   0.6099290780141844,
   0.6028368794326241,
   0.6099290780141844,
   0.6099290780141844,
   0.6170212765957447,
   0.5957446808510638,
   0.6099290780141844,
   0.624113475177305,
   0.6170212765957447,
   0.6382978723404256,
   0.6170212765957447,
   0.624113475177305,
   0.6312056737588653,
   0.624113475177305,
   0.6312056737588653,
   0.6312056737588653
  ],
  "data/politihop/original/politihop_test_even.json": [
   0.75,
   0.75,
   0.755,
   0.77,
   0.78,
   0.775,
   0.775,
   0.775,
   0.78,
   0.78,
   0.785,
   0.775,
   0.765,
   0.77,
   0.775,
   0.775,
   0.775,
   0.775,
   0.79,
   0.775
  ],
  "data/politihop/original/Hard_PolitiHop_by_gpt-3.5.json": [
   0.75,
   0.75,
   0.755,
   0.77,
   0.775,
   0.77,
   0.775,
   0.775,
   0.775,
   0.785,
   0.77,
   0.775,
   0.77,
   0.76,
   0.765,
   0.77,
   0.77,
   0.77,
   0.78,
   0.775
  ],
  "data/politihop/original/Hard_PolitiHop_by_gpt-4.0.json": [
   0.75,
   0.75,
   0.755,
   0.77,
   0.775,
   0.77,
   0.775,
   0.775,
   0.775,
   0.785,
   0.775,
   0.77,
   0.77,
   0.76,
   0.755,
   0.775,
   0.77,
   0.77,
   0.78,
   0.77
  ]
 }
}